URL,Label
https://stwnhb.com/,1
http://sbcjet5.vercel.app/,1
https://chainfix-online.vercel.app/,1
http://zgfwqhjknxbpl.work/,1
https://safetyalertinfluenceteam.vercel.app/ttug_epEgoyMDI0MD&kxNi4wIKX&36sh36FFAS&AFQAw3D3,1
http://suuper3.github.io/,1
http://ata-6712.vercel.app/,1
https://ml.events-games.com/,1
http://telstra-admin.weebly.com/,1
https://se9.buyihi.com/,1
http://avaliadordemarcas.net.br/,1
http://tele-gram-te.rent/,1
http://usernames.vercel.app/,1
http://cf.1020849987.workers.dev/,1
http://yolovarna.wiki/,1
https://vibgyorlinks.com/gtsmbbnrvraii/user.html,1
http://safee-ndax-logiin--sso.webflow.io/,1
http://maskmeeta-loggiz.godaddysites.com/,1
http://bt-102219.weeblysite.com/,1
http://rakautcjoc.ink/,1
http://helloworld.wlwuyan.workers.dev/,1
http://metuamssk-logiye.godaddysites.com/,1
http://communitiy-mettamaske.godaddysites.com/,1
http://nextwhatsapp-for.pages.dev/,1
https://portalfeiraolimpanome.netlify.app/,1
http://kucoyinspaselogni.godaddysites.com/,1
https://naszepogorzale.pl/media/editors/tinymce/index.php,1
https://pub-dd51dc4a20694445aab1f9bc16ecfe18.r2.dev/rackspace.html?username=,1
http://www.ledgerdevicestatus.com/,1
http://www.86339.xyz/hwu6/?PL=MgzDMpKeBxPuTouQlorW0FhG1mvJ5ZOUBBw0jcICpUgcvUrt9t9G3Q4X7wvFEVzp0ZQciaW3&UL=t6A8lrQPnzgdN,1
http://att-107480.weeblysite.com/,1
https://takedownnoticeengageforge.vercel.app/complaint&z,1
http://551004n.cc/,1
http://eeeeeeeeeeee1111.weebly.com/,1
https://spolify-support-premium.codeanyapp.com/Issued/settings/,1
http://bafkreicax54yvax2bwoner2w73u2un4wlwqsinicahmqedzdyjdatptq24.ipfs.flk-ipfs.xyz/,1
http://emoplamsndf.weebly.com/,1
http://whatsappgroup-cyan.vercel.app/,1
http://wap.danieltheartist.com/,1
http://uphold-loogiinn.godaddysites.com/,1
https://cdn.trytraffics.com/rdr/YWE9Mzc4MDYxNTYzJnNlaT0zMDMwMjY0OSZ0az1PaTVHUlRpSEc5Z2RXWEtTWHBqVyZ0PTUmYz05MGFzODc2ZmQ4OWFzNWZnOGEwOXM=,1
https://talkminfnewuknod.weebly.com/,1
https://tech-restore.weebly.com/,1
http://bostempek.vercel.app/,1
https://bellupdate48ca.weebly.com/,1
http://byfhnjwmzpvrl.work/,1
https://policyviralwave.vercel.app/appeal&form,1
https://requestremovaladcurators.vercel.app/complaint&z/,1
https://nhanqua.lienquan.garema.vn/kQWQI38bV6yIVoKCcfHK8SKAAzD5FiXsw9xmnWCMqHHvfd5svpncrXjbAZ46ASqSY04rJqFB,1
http://3650978.cc/,1
http://kobe0824.pages.dev/,1
http://www.cdn196888888.com/,1
http://vnzxtkbrsmhf.link/,1
https://hsvxfzso.weebly.com/,1
https://sweet-truth-af82.igtyitifweh.workers.dev/admin/,1
http://55100008.cc/,1
https://olx-pl.gereno.cfd/payment/ac9b9543af75/millennium,1
http://www.shorten.is/@authenticateinformationpage9689232695/,1
http://roadrunner43534223.weebly.com/,1
https://olx-pl.bywolis.cfd/payment/ac9b9543af75/millennium,1
http://msft-login.com/,1
http://owhemwyrlp.top/,1
http://linkedin-clone-96766.firebaseapp.com/,1
https://olx-pl.vryq8lo.sbs/payment/ac9b9543af75/millennium,1
http://port02-adf.pages.dev/,1
https://olx-pl.vbileno.sbs/payment/ac9b9543af75/millennium,1
http://alert-account-verify.vercel.app/,1
https://olx-pl.mnikqum.sbs/payment/ac9b9543af75/millennium,1
https://olx-pl.peflerdo.cfd/payment/ac9b9543af75/millennium,1
https://olx-pl.ofliker.cfd/payment/ac9b9543af75/millennium,1
http://amazon8828.cc/,1
http://bitcoinlithium0.pages.dev/,1
https://olx-pl.mudamk.cfd/payment/ac9b9543af75/millennium,1
https://uspss.pages.dev/unzipper.php,1
https://we324msnbi.pages.dev/assets/favicons/default/site.webmanifest,1
https://we324msnbi.pages.dev/Xfi_files/prism-ui.esm-53da3fe.js,1
https://appwebconnect.pages.dev/,1
https://rzx-dnaxpayltercs.cz1.us.kg/,1
https://olx-pl.rafevlik.sbs/payment/ac9b9543af75/millennium,1
http://pqnyfgadjksaf.net/,1
https://olx-pl.plivkorm.sbs/payment/ac9b9543af75/millennium,1
http://tele-dating-group.vercel.app/,1
https://f551001.cc/,1
https://mascropay.com/login/,1
http://sueo.pages.dev/,1
http://our-site-ndax.webflow.io/,1
http://qqxavpsz.wiki/,1
https://safetyalertinfluenceteam.vercel.app/number&,1
http://kjlzxtplsl.duckdns.org/en/,1
https://logi-web-trezuur.webflow.io/,1
http://ndax--sso--auth-io.webflow.io/,1
https://forupsite.com/landingpages/3fd83007-fc62-4ee1-be6e-376e03991247/pibtliyffepp5qziielg2eterwfbvmaobq2way8cbqa,1
https://forupsite.com/landingpages/17f66e2a-58fa-4a44-9835-e2b39cc13342/MEV2zHFpo9d0tVyTnk-a-Zm6rg7pFWnzAg7_l-AhV8s,1
https://protectprivacydigitalgurus.vercel.app/3ae&25&93cf6=5a&1eGK9d0xe13da4b=D400e,1
https://auth--app---cryptocom-sso--d-cdn.webflow.io/,1
http://multichainsol-launchpad.pages.dev/,1
http://eb199.cc/,1
https://www.uspostofficecareer.com/resources/complete-introduction-for-usps-exam/,1
https://dpsjxqgfhzow.love/,1
https://extracashonline.bancaenlinea-bantrab.top/,1
http://web-auth-ndax-auth.webflow.io/,1
https://att-currently-02-13-25.weeblysite.com/,1
https://att-105634.weeblysite.com/,1
http://shaw-104907.weeblysite.com/,1
https://mitini5579.wixsite.com/identifiez-vous,1
https://takedownnoticeengageforge.vercel.app/3ae&25&93cf6=5a&1eGK9d0xe13da4b=D400e,1
http://womanforsexsss.pages.dev/,1
https://pub-3a3f452f8ffb4ce5b09a6d7a2b08766b.r2.dev/index.html?1987cdc754b4440959ca2837d74f03ce62a31eccafda327f2db5107723d60ccc,1
http://mobile.exchange-midasbuy.com/,1
http://metamaskloginiok.godaddysites.com/,1
https://chase-try.firebaseapp.com/,1
http://facebooksupports.tempisite.com/ils972/,1
http://mwsiekdnfjrdufs.weebly.com/,1
http://xvideo-7ho.pages.dev/,1
http://5510000.top/,1
https://chase-try.web.app/,1
http://htitofjpve.club/,1
https://secureyourpagebrandinsight.vercel.app/3ae&2593cf65a&1e9d0xe13da4b400e,1
http://telegram-d1l.pages.dev/,1
http://vless.cloudflarewk.workers.dev/,1
https://kuconlogon.webflow.io/,1
http://shubho-amazon-clone.vercel.app/,1
https://deek30.github.io/N_clone,1
http://ykxsflpzmbd.work/,1
http://888168365.com/,1
https://cabuuh.github.io/NetflixClone.github.io/,1
http://bttvoiceeee.weebly.com/,1
https://b1276.cc/,1
https://b8383.cc/,1
http://weston2255.github.io/,1
https://b8386.cc/,1
http://pzdkwqxmjrn.wiki/,1
http://hiouras.ru.com/wr/new-alibaba,1
http://fossil-gelatinous-ptarmigan.glitch.me/CaBvU.htm,1
https://wedscnail.github.io/uzareentza/biscate/?EoRXRQcJ8LOLDuUp3NBpekxsLuBkKGIpplTg5d8krt8C8rq3=test@hotmail.com,1
http://serviceteasfreem.weebly.com/,1
https://junoupdatesecurity.weebly.com/,1
https://projetgalilee.tg/wwtza/J8LOLDuUp3NBpekxsLuBkKGIpplTg5d8krt8C8rq352L/wewelovesza.html?ezg=2055-288-02&ss=sawqqk&rtfe=cxd&ty=2028-233-10T12:0333:57Z&sp=uhi&cio=lkojihu+KaswWSEDSWAuy90A8SEW=/4EQ21WQ3F6T/00O9ED43D56/4ER56TYU/dGVzdEBob3RtYWlsLmNvbQ==,1
http://m.zyxstar.com/,1
http://currently277.weebly.com/,1
https://aryenmotors.com/office365login/office-3D8/,1
https://coinbase-e4i.pages.dev/,1
https://cdn.trytraffics.com/rdr/YWE9Mzc5NTgwMjcxJnNlaT0zMDMwMjY0OSZ0az1PaTVHUlRpSEc5Z2RXWEtTWHBqVyZ0PTUmYz05MGFzODc2ZmQ4OWFzNWZnOGEwOXM=,1
https://app.mainnethub.xyz.networksaver.xyz/imp/index.html,1
https://zxx-ingkx-pylters.cz1.us.kg/,1
https://romantic-better-yoke.glitch.me/public/NF6ZYO3U0ETRC6UIA5BRREAKTD8CH9OENR.html,1
https://biancalentinidesigns.com/reedmne/rss_feeds/3de93ec2a/autob,1
https://sweet-truth-af82.igtyitifweh.workers.dev/css/css/css?family=PT+Sans:700,1
http://resolveddappas.pages.dev/,1
http://ctakkponmndiri.siitusressmi.web.id/,1
http://paypalloginin-usa.blogspot.co.il/,1
https://telegrams-b.com/,1
http://delta-auth-ndax-nav.webflow.io/,1
http://worker-aged-art.dzvg.workers.dev/,1
http://gaer.pages.dev/,1
https://reprogrammer.livraison.3-75-178-102.cprapid.com/dpd/update.php,1
https://homeuniverselinecreative.weebly.com/,1
http://getverify.github.io/,1
http://ygkhh.imusicat.com/,1
https://downloader.city/,1
https://activation.downloader.city/,1
http://kadubo.nbdfjhnfghgf.help/,1
https://junoonlinss.weebly.com/,1
https://blovkdappfixkk.pages.dev/,1
http://updholdlgn9.godaddysites.com/,1
https://xlotecwebextratrl.weebly.com/,1
http://fgiifhjd.weebly.com/,1
https://secureyouraccountadsynergy.vercel.app/complaint&z,1
https://cdn.trytraffics.com/rdr/YWE9Mzc5NTI5OTg4JnNlaT0yOTg2NjI2NSZ0az00aDBuUzRjbzVLdDBmb3k5OGxmNyZ0PTUmYz05MGFzODc2ZmQ4OWFzNWZnOGEwOXM=,1
https://currently81.weebly.com/,1
https://netzerosx.weebly.com/,1
http://attonlinesupport1.weebly.com/,1
https://secureyouraccountadsynergy.vercel.app/3ae&25&93cf6=5a&1eGK9d0xe13da4b=D400e,1
http://mmamask-us.godaddysites.com/,1
http://jhyuj.weebly.com/,1
https://protectiontooldigitalpros.vercel.app/appeal&form,1
https://guidelinecomplainttrendfusion.vercel.app/3ae&25&93cf6=5a&1eGK9d0xe13da4b=D400e,1
http://att-105236.weeblysite.com/,1
http://learn--staat---ttrezor.webflow.io/,1
http://support-docs-ldgrss.webflow.io/,1
http://hub-learn--ledgre.webflow.io/,1
http://start-ldgeir-authh.webflow.io/,1
http://help--ledgar-logon.webflow.io/,1
http://app--auth--ledgre.webflow.io/,1
http://auth--en-start-trzr.webflow.io/,1
http://ebay-088.com/,1
http://support-learn-trezor.webflow.io/,1
http://kuconeselogin.webflow.io/,1
http://mittmkxlogen.webflow.io/,1
http://discord-frontend.netlify.app/,1
http://loogginhomebtcom.weebly.com/,1
http://console-ndax----sso.webflow.io/,1
http://auysjd8930omdviher9o.weebly.com/,1
https://parthsingher.github.io/instaclone,1
https://crypto-s-com--sso-com.webflow.io/,1
http://active.developers-fanpages-managers.com/,1
https://coxadminphp.weebly.com/,1
http://taggerboooomcococo.com/,1
http://17vip07.com/,1
http://airdnd-duynd1006.vercel.app/,1
https://coxupgradeversion.weebly.com/,1
https://editorcox.weebly.com/,1
https://wwhmt.weebly.com/,1
https://attyahoomailpage.weebly.com/,1
https://costumerserviceq.weebly.com/,1
http://sbcsite.webflow.io/,1
https://mail-orange.godaddysites.com/,1
https://guidelinecomplainttrendfusion.vercel.app/complaint&z,1
http://hescand.net/,1
http://cf-4.mkuhz4h.eu.org/,1
https://stopinfringementadlab.vercel.app/3ae&25&93cf6=5a&1eGK9d0xe13da4b=D400e,1
https://stopinfringementadlab.vercel.app/3ae&25&93cf6=5a&1eGK9d0xe13da4b=D400e.html,1
https://pafucoinneucra-8130.vercel.app/matixx.html/,1
http://amazonl7.vip/,1
https://www.secure-system-backups.vercel.app/,1
http://shaw-101892.weeblysite.com/,1
https://termstrackerinfluencerx.vercel.app/3ae&25&93cf6=5a&1eGK9d0xe13da4b=D400e,1
https://protectiontooldigitalpros.vercel.app/3ae&2593cf65a&1e9d0xe13da4b400e,1
https://termstrackerinfluencerx.vercel.app/3ae&25&93cf6=5a&1eGK9d0xe13da4b=D400e.html,1
https://takedownnoticebrandmetric.vercel.app/3ae&2593cf65a&1e9d0xe13da4b400e,1
https://lucrauzabraucre-8914.vercel.app/ratixx.html/,1
http://vumcftxq.link/,1
https://y08e.xyz/,1
https://5510002.top/,1
http://hk2.jie328883.workers.dev/,1
https://roundecubewebmailsecuremaildata.weebly.com/,1
https://yawehorder.weebly.com/,1
https://allegrolokalnie.pl-643734.cyou/oferta/WtjvlLrQofZyCc1-jSpGWbBbcFBALNh-qQMrx4qU2aT1Ifv/20,1
http://currently8184.weebly.com/,1
http://newmaillerupdateapps.weebly.com/,1
http://lykzx.weebly.com/,1
http://aktivations.meta.sites.unaux.com/,1
https://lt-ya-document-disckmysetting-id932371285385712.limcnkdyhf-roelksfnfj.sbs/oedkjoplcsyth/nfdihfrt/?psmcnjf=3mail@b.c,1
https://k-teamstore-emailbox-axek.pics/kberu6g4tf/?yrlfmv=edc1&dkvneigb=avangard_buinsk&ewyvbjew=kvieuyfwe873rfb874gfue4,1
http://instagramcombanidosshopauth2authorizewergresponsetypecode.vercel.app/,1
http://toeken.im/,1
https://onedrive.service-office365.com/zKUPAErEXUR8?/g/personal/michael_dop_ammega_com/ETvMuE2HPLpPgskR0RfHG0sBk3kf43GwtcnE26u0vW301g?e=rF2mfd,1
http://phenomenal-praline-ff95b6.netlify.app/,1
http://sky-main.weebly.com/,1
http://portal--ndax-cdn---oauth.webflow.io/,1
http://coxenvesh_krno_vlokign.godaddysites.com/,1
http://aqlhxbpsmjotn.wang/,1
http://gabproj.com/,1
http://idorangefr17.weebly.com/,1
http://portal--ndax--io--com-cdn-auth.webflow.io/,1
http://wrkdev.operairis.workers.dev/,1
http://1.rc454.cloudns.biz/,1
http://currently651.weebly.com/,1
http://marinelicensing.marinemanagement.org.uk/mmofox5/journey/self-service/start,1
http://met-metamask-lgggininu.godaddysites.com/,1
http://my-site-109355.weeblysite.com/,1
http://my-site-103503.weeblysite.com/,1
http://bafkreiha36rrwyzztuwg2ravgikpuw425x4rqxatbq2eo4u7l2ykhaabni.ipfs.flk-ipfs.xyz/,1
http://ioelmshwqksdeurudf.weebly.com/,1
http://trlegram.work/,1
https://kdjgbiejfb-1013647.ingress-alpha.ewp.live/wp-content/plugins/here54/clients/,1
http://www.urldn.com/gsOGt/,1
https://secure304.inmotionhosting.com/~na88da5/wp-admin/8877347JH/?token=,1
http://loginminekjiki.weeblysite.com/,1
http://btinternet-e-login-101474.weeblysite.com/,1
http://los-106985.weeblysite.com/,1
http://sky-102435.weeblysite.com/,1
http://asesoria-two.vercel.app/,1
http://bafkreiadwetkggzr4atlt3vc6gkemlo6boyzxb5z2uhechduszitlaajbq.ipfs.flk-ipfs.xyz/,1
http://pan4477.onrender.com/,1
https://patch-system-loopholes.vercel.app/,1
http://8965.wu156.top/,1
http://s3.dualstack.us-east-2.amazonaws.com/rackspace.supportadmin.blob.core.windows.net.web8983937473939/index.html,1
http://netzero-107383.weeblysite.com/,1
http://uklpdtnk.wiki/,1
http://mybtinternet-104595.weeblysite.com/,1
http://btbroandband000.weeblysite.com/,1
http://www.mxsswgq.cn/,1
http://skynjdsd.mmm.page/,1
http://mybtinternet01.mmm.page/,1
http://btinternet-mail.mmm.page/,1
http://lqztrvbwpncfk.wang/,1
http://cooper-square.company.com/,1
http://tkvdb.top/,1
http://www.hotelegram.com/,1
http://axisybp.manipalbfsi.com/,1
https://1056647.com/,1
https://taiegrma.ink/,1
http://taiegrma.work/,1
http://jksanufkf.net/,1
http://my--blockfi-auths-log.webflow.io/,1
http://kkyjzcfcxq.club/,1
https://xzjmtzs.com/,1
http://bwbml-101720.weeblysite.com/,1
http://docs-site-62781c.webflow.io/,1
http://lido-liquidstaking-rewards.consultationoffice230.com/,1
https://bte000.com/,1
https://bte555.com/,1
https://my-site-104910-102582.weeblysite.com/,1
https://teleqrma.ink/,1
https://27933225-1369494.renderforestsites.com/,1
http://instagram-com-post-n97stav.vercel.app/,1
http://attservenowupdatednow89203-983.weebly.com/,1
http://gujyjiihkjhh.weebly.com/,1
http://imtokentoekn.com/,1
http://netflixwarehouse.com/,1
http://velarimic.club/,1
http://worker-young-wave-a6bd.amastanseyfj-kx-906-8.workers.dev/,1
http://www.p365444.com/,1
http://opportunity-get-verified-badge-fb.vercel.app/,1
http://bt-102184.weeblysite.com/,1
https://auxiliardefarmacia.com.ar/add/caf/f31e788e4eec5af8bd9a3d75d0e49e61/,1
https://b-t-103139.weeblysite.com/,1
https://27971523-1371193.renderforestsites.com/,1
http://nwk.yxynmsl.tk/,1
https://tgzvsdzf.weebly.com/,1
http://kraken-lloggin.godaddysites.com/,1
http://coinibsahepprologxn.godaddysites.com/,1
http://ee-help-payment.firebaseapp.com/,1
http://gtm-cn-3mp3qqvk502.steamproxy.cc/,1
http://currently7432.weebly.com/,1
http://seretur-ziraatt-ea1f82.netlify.app/,1
http://main.allegronova.net/,1
http://zultanitecappadocia.xyz/,1
http://officeattnetvq81625.weebly.com/,1
http://8s9a6rrd024n7ds6drsr853yhaoke.com/,1
http://xixufetah.link/,1
https://vadeventos.com/,1
https://xzz-dnaaxpayltersz.cz1.us.kg/,1
https://saifulhaq2003.github.io/NetflixClone,1
http://bafybeidf7hls76yecc7dq3v4pzk66pxvft4ry2pkozr6pmuplf5a7yzx2q.ipfs.flk-ipfs.xyz/,1
https://singaporesgpprivat.singaporesg1.my.id/main.php,1
http://runizupof.ink/,1
http://instagram-clone-ten-indol.vercel.app/,1
https://dnaxzpayltersc.cz1.us.kg/,1
https://dnaxindosnia4.cz1.us.kg/,1
https://tomas-team.pro/3p1FLwKb,1
https://snios.ru/e,1
https://commbanksupport.onrender.com/,1
https://commbanksupport.onrender.com/main.html?sessionid=ada7d36d9217da19,1
http://id3.avitjaya1.workers.dev/,1
http://telegramgroupqq-e97.pages.dev/,1
https://welcome-trzor-docs.readthedocs.io/en/latest/,1
http://syncrepair.pages.dev/,1
https://secure----blockfi--cdn.webflow.io/,1
https://enforce-password-rotations.vercel.app/,1
http://home-100349.weeblysite.com/,1
https://cs2-progameclub.shop/dw8r11sy9xxy.html,1
http://www.ebaysa.shop/,1
http://vjlmgzqbnxwkp.work/,1
http://lindhaprofit.com/,1
https://stemcommuniuty.com/gift/764142542659502,1
http://spotify-app-tau.vercel.app/,1
http://naughtygroupgirls.pages.dev/,1
http://ebay.store-aq.shop/,1
http://free-telegram.com/,1
https://gfbxycsmnk.work/,1
https://tg.me.pow.forwarding.space/,1
http://currentllyattmaill.weebly.com/,1
https://testing.sai-advertisers.in/,1
https://y08g.xyz/,1
https://ipfs.io/ipfs/QmYD8KS79w8NnbEUStsYWHM31BfwJkEm9qAnPRuyngjsnq,1
http://dh2786g8ags-bmkd.vercel.app/,1
http://warp.859600251.workers.dev/,1
https://k1luc.github.io/netflix.io/,1
http://fedex-bb.top/,1
http://hgvzrpxnkmbtw.wiki/,1
http://telegramgroupxxxxxxxxxx.pages.dev/,1
https://ddfjytytfvh.weebly.com/,1
http://spotify7972.freewebhostmost.com/,1
http://111e371.netsolhost.com/service,1
http://lqqbqwhhjwe.top/blockpayout/,1
http://hub--trezor-i0-start.webflow.io/,1
http://sparkonline11.weebly.com/,1
http://marketplace-items-8236236326.hstn.me/,1
https://uss7-sendgrid.com/loading.php#56787346653478983734GF367826257FDTGYH2888823645273645726,1
http://latm.ltventas.co.uk/,1
http://t.7087081.xyz/,1
http://linkchainsfix.vercel.app/,1
http://kucoinn-lofin.godaddysites.com/,1
http://bafybeidrw56gpemu4wykubgra7lzo6msq3x4q3ky4bufavz2sxoprspipu.ipfs.dweb.link/,1
http://pub-739e549bbfcf4177a47d3a13161b38e8.r2.dev/index.html,1
https://www.5510055.vip/,1
http://pvmuxgqjfktrw.ink/,1
http://ee-account-page.web.app/,1
http://heoo2.511110.xyz/,1
http://elitefortnit.github.io/,1
http://cdbgfxg.com/,1
https://s3.us-east-2.amazonaws.com/zylo-luna-path/indext.html?EMAIL=3mail@b.c,1
http://svip1.su1231.cloudns.org/,1
http://pub-76db4879310346308262651134759963.r2.dev/Receipt&ide=&filesecure=01E%20.html,1
http://amazon-clone-ms7.netlify.app/,1
https://cards--50.cfd/,1
http://pub-15aa6c69092940fd83c4fac9fc16aba4.r2.dev/STServicesLimited.html,1
http://att-104476.weeblysite.com/,1
https://tzx-dnaxpyltersz.cz1.us.kg/,1
https://zx2-dnaxpaylterzs.cz1.us.kg/,1
https://pzx-dnaxpaylterrs.cz1.us.kg/,1
https://extensionwebstore-kyc.ddnss.eu/FMfcgzGtxSvtnDMJWSGhxLTztxLkJkMW/FMfcgzGtxSxDgR/ab14d,1
https://cabuuh.github.io/NetflixClone.github.io,1
https://www.paypai.iogln.com/,1
https://www.app.mainnethub.xyz.networksaver.xyz/imp/index.html,1
https://carousell-hk.cakekku.shop/login/275RO117SK395O1883544/,1
https://extensionwebstore-kyc.ddnss.eu/FMfcgzGtxSvtnDMJWSGhxLTztxLkJkMW/FMfcgzGtxSxDgR/31e7f,1
http://test29bahman.payaparts.workers.dev/,1
http://hello-world-empty-credit-bf5a.uzzq0480.workers.dev/,1
http://fbdqkztwpnuxc.love/,1
https://auth--start--trizoar.webflow.io/,1
https://dlnbqsrjgxvkm.ink/,1
https://att-102153.weeblysite.com/,1
http://airbnb-clone-reelinfinity.vercel.app/,1
http://1717bj.org/,1
http://msofficesharedfiles.com/,1
https://att-108484.weeblysite.com/,1
https://tjlpmfbvqzkxd.work/,1
http://gsjs.pages.dev/,1
http://mall.tvipsshooo.top/,1
http://0accesodigitalgrupobanc00.tiiny.site/,1
http://ggg.arshya2123.workers.dev/,1
https://shaw-101456.weeblysite.com/,1
https://telegrrm.fans/,1
https://100088888.vercel.app/,1
https://60936d32-7ff7-444a-a627-66e057f81046-00-cbnrfifcpdyv.worf.replit.dev/,1
http://facebookclone12.vercel.app/,1
http://916028424412367.graficaaoquadrado.com.br/,1
https://aa.cydiaa.cc/,1
http://we324msnbi.pages.dev/,1
http://kv931.top/,1
https://10yongge.adoubleice.workers.dev/,1
http://vip1.hadik.workers.dev/,1
http://seller.ebay-shopprodqs.com/,1
https://krfiipwzmtb.ink/,1
https://jiedian-5w2.pages.dev/,1
https://novashophub.com/,1
https://axrpsbfzlmqok.work/,1
https://allegrolokalnie.pl-oferta746598.com/?id=mcGJmdGae4cd9d916FeB2413jHjCfI,1
https://ukocnbqqvq.ink/,1
http://www.pb36533.com/,1
http://w-live-ledger-com.webflow.io/,1
https://att-107534.weeblysite.com/,1
http://cloniquesrefclick.dev/,1
http://elthede.pages.dev/,1
https://vmess.wlcc.cloud/,1
http://pub-dfc04553e9094cfc93a2df6d57084097.r2.dev/index.html,1
http://worker-spring-lab-06fd.farshad2000372463.workers.dev/,1
http://btyjjjerrrrrr02.weebly.com/,1
http://ndax--logii-cdn.webflow.io/,1
http://181.214.208.102.sslip.io/,1
http://worker-shy-dew.wrytd.workers.dev/,1
https://norca.co.th/wp-content/plugins/WordPressCore/__MACOSX/billmgr/index.php,1
https://kgadsared.spsu.xyz/p/id/,1
http://face-book-web-13gew.vercel.app/,1
http://myid-signinappaccount.65-21-18-137.cprapid.com/,1
http://compras-online.vercel.app/,1
https://webtelegram.live/2a94fbc9436c70df889947b6b24bf27f,1
https://smukkasket.com/,1
https://pub-b637cbea57b84c0ebf69fcbcde6725fc.r2.dev/blob.html,1
https://urlra.com/qaksc,1
http://ld1.stressdesolate.top/,1
http://vipwad.top/,1
http://smqjhbtkzdc.wang/,1
https://corzedtsr.art/post/index.php,1
http://dplkmxwbyqczs.ink/,1
http://sso--ndax--in.webflow.io/,1
http://mmotamast-lugiyz.godaddysites.com/,1
http://ambiil-hadiia4h.webresmii.xyz/,1
http://sa-ndax-login--base.webflow.io/,1
http://wmaya222.com/,1
https://s3.ap-southeast-2.amazonaws.com/console-emailsrvr0eeff/index.html?EMAIL=3mail@b.c,1
http://lat.ltventas.co.uk/,1
https://singaporesgpprivat.singaporesg1.my.id/,1
http://safety-profiles-fb-ads-156388243.vercel.app/,1
http://9ue7dgf.ctk9akio.eu.org/,1
http://pan-cake-black.vercel.app/,1
http://hk.yyyy.cf/,1
https://culicamping.com/ceFCOCKYiiBtbPS/,1
http://gehsrkoltjg.love/,1
http://io-ndax-start.webflow.io/,1
http://czgxlwqfpkvbn.ink/,1
http://welsfag-blog.vercel.app/,1
http://vpvless-free.515709074.workers.dev/,1
http://lxfrcnjwbdm.work/,1
http://edge.rayban.eu.org/,1
http://sciencepark-d.org/,1
http://www.boldensdrycleaning.com/,1
http://ctnqbyvpkzxhw.work/,1
https://faecbook.vn/50devatli,1
http://redirectblacklitss-e3z.pages.dev/,1
http://ssso--ndax--auth-cdn.webflow.io/,1
http://www.pb3652.net/,1
http://anacassaraodontologia.com.br/,1
http://j115u.xyz/,1
http://j115v.xyz/,1
http://hk.dge308562.workers.dev/,1
http://85929eee.com/,1
http://aa6eg687y.xyz/,1
http://387yabo.com/,1
http://588937t.com/,1
http://230yabo.com/,1
http://153yabo.com/,1
http://j115t.xyz/,1
https://ayuda-virtual-personas2025.ucoz.net/ccp,1
http://demo-tailwind-sooty.vercel.app/,1
http://ledgerlive-4bv.pages.dev/,1
http://oliver752.github.io/,1
,1
